p1,p2,yprob,label,deg1,deg2,deg_score,rank_yprob,rank_deg
9606.ENSP00000452636,9606.ENSP00000431800,0.004181,1,4,5,20,550,414
9606.ENSP00000278572,9606.ENSP00000368927,0.843674,1,6,5,30,208,344
9606.ENSP00000053468,9606.ENSP00000400467,0.874582,1,5,9,45,191,241
9606.ENSP00000274242,9606.ENSP00000379888,0.906727,1,5,9,45,167,241
9606.ENSP00000471874,9606.ENSP00000228140,0.828898,1,10,10,100,212,30
9606.ENSP00000261015,9606.ENSP00000265245,0.009315,1,4,2,8,452,548
9606.ENSP00000483260,9606.ENSP00000377865,0.950108,1,5,6,30,99,344
9606.ENSP00000418346,9606.ENSP00000429374,0.430209,1,8,9,72,294,103
9606.ENSP00000346012,9606.ENSP00000434837,0.901305,1,9,8,72,173,103
9606.ENSP00000259873,9606.ENSP00000429374,0.445546,1,4,9,36,291,299
9606.ENSP00000420749,9606.ENSP00000434126,0.004172,1,1,1,1,684,818
9606.ENSP00000471874,9606.ENSP00000385018,0.919759,1,10,11,110,155,20
9606.ENSP00000339145,9606.ENSP00000236051,0.004403,1,4,2,8,500,548
9606.ENSP00000426282,9606.ENSP00000367444,0.004175,1,9,6,54,585,197
9606.ENSP00000460439,9606.ENSP00000450339,0.043834,1,8,10,80,399,86
9606.ENSP00000430545,9606.ENSP00000347969,0.909837,1,6,11,66,164,136
9606.ENSP00000388126,9606.ENSP00000228140,0.037629,1,4,10,40,403,273
9606.ENSP00000301585,9606.ENSP00000430545,0.945357,1,8,6,48,103,225
9606.ENSP00000385958,9606.ENSP00000434837,0.922897,1,5,8,40,150,273
9606.ENSP00000459554,9606.ENSP00000400467,0.960918,1,9,9,81,80,74
9606.ENSP00000433170,9606.ENSP00000431220,0.928987,1,7,7,49,140,220
9606.ENSP00000299166,9606.ENSP00000354961,0.986898,1,3,4,12,23,475
9606.ENSP00000256383,9606.ENSP00000278572,0.46393,1,6,6,36,288,299
9606.ENSP00000397653,9606.ENSP00000360709,0.004172,1,4,2,8,684,548
9606.ENSP00000298049,9606.ENSP00000429374,0.880516,1,3,9,27,188,367
9606.ENSP00000450339,9606.ENSP00000463885,0.334814,1,10,9,90,322,45
9606.ENSP00000414321,9606.ENSP00000449765,0.435547,1,5,11,55,292,190
9606.ENSP00000223641,9606.ENSP00000400467,0.64806,1,6,9,54,254,197
9606.ENSP00000437215,9606.ENSP00000415356,0.60142,1,9,7,63,265,149
9606.ENSP00000340823,9606.ENSP00000364813,0.231551,1,4,4,16,340,448
9606.ENSP00000400508,9606.ENSP00000359424,0.004474,1,3,6,18,492,425
9606.ENSP00000360521,9606.ENSP00000475098,0.933388,1,4,6,24,124,377
9606.ENSP00000266735,9606.ENSP00000315379,0.34725,1,11,8,88,315,59
9606.ENSP00000266735,9606.ENSP00000306223,0.923356,1,11,5,55,148,190
9606.ENSP00000429892,9606.ENSP00000364813,0.876233,1,5,4,20,190,414
9606.ENSP00000430545,9606.ENSP00000418346,0.825413,1,6,8,48,213,225
9606.ENSP00000408482,9606.ENSP00000376761,0.004173,1,11,2,22,616,400
9606.ENSP00000437215,9606.ENSP00000228140,0.601778,1,9,10,90,264,45
9606.ENSP00000415356,9606.ENSP00000356001,0.944414,1,7,8,56,105,169
9606.ENSP00000177742,9606.ENSP00000376427,0.94137,1,7,8,56,116,169
9606.ENSP00000333401,9606.ENSP00000361928,0.985623,1,8,9,72,29,103
9606.ENSP00000230050,9606.ENSP00000232888,0.01003,1,9,2,18,448,425
9606.ENSP00000261890,9606.ENSP00000399614,0.004178,1,6,2,12,565,475
9606.ENSP00000258383,9606.ENSP00000376427,0.9684,1,6,8,48,70,225
9606.ENSP00000388126,9606.ENSP00000315379,0.005164,1,4,8,32,473,337
9606.ENSP00000311430,9606.ENSP00000346012,0.14425,1,6,9,54,357,197
9606.ENSP00000379888,9606.ENSP00000400467,0.945099,1,9,9,81,104,74
9606.ENSP00000216252,9606.ENSP00000463568,0.774268,1,6,7,42,232,258
9606.ENSP00000434837,9606.ENSP00000388690,0.187434,1,8,6,48,347,225
9606.ENSP00000053468,9606.ENSP00000386752,0.939522,1,5,5,25,118,373
9606.ENSP00000219252,9606.ENSP00000426454,0.004182,1,6,2,12,547,475
9606.ENSP00000435333,9606.ENSP00000418346,0.346873,1,8,8,64,317,143
9606.ENSP00000315017,9606.ENSP00000361076,0.05295,1,4,6,24,393,377
9606.ENSP00000232424,9606.ENSP00000330875,0.004172,1,3,1,3,684,697
9606.ENSP00000367806,9606.ENSP00000346046,0.629201,1,9,11,99,259,33
9606.ENSP00000385614,9606.ENSP00000349430,0.004188,1,6,1,6,541,583
9606.ENSP00000265753,9606.ENSP00000460439,0.863616,1,8,8,64,196,143
9606.ENSP00000399076,9606.ENSP00000362036,0.966318,1,5,5,25,73,373
9606.ENSP00000301585,9606.ENSP00000473925,0.987395,1,8,10,80,20,86
9606.ENSP00000296255,9606.ENSP00000386717,0.143049,1,2,8,16,358,448
9606.ENSP00000347401,9606.ENSP00000385958,0.791418,1,13,5,65,226,142
9606.ENSP00000260443,9606.ENSP00000346046,0.045719,1,8,11,88,398,59
9606.ENSP00000362729,9606.ENSP00000429374,0.413493,1,8,9,72,302,103
9606.ENSP00000311430,9606.ENSP00000426282,0.10719,1,6,9,54,371,197
9606.ENSP00000357823,9606.ENSP00000363999,0.985787,1,6,6,36,28,299
9606.ENSP00000223641,9606.ENSP00000245458,0.593651,1,6,7,42,267,258
9606.ENSP00000341247,9606.ENSP00000345156,0.95369,1,5,12,60,90,161
9606.ENSP00000459554,9606.ENSP00000433170,0.951678,1,9,7,63,93,149
9606.ENSP00000229390,9606.ENSP00000266735,0.977677,1,7,11,77,54,97
9606.ENSP00000339064,9606.ENSP00000377865,0.941666,1,13,6,78,114,95
9606.ENSP00000379731,9606.ENSP00000434837,0.959188,1,7,8,56,82,169
9606.ENSP00000361928,9606.ENSP00000431220,0.983534,1,9,7,63,40,149
9606.ENSP00000473925,9606.ENSP00000363999,0.989003,1,10,6,60,14,161
9606.ENSP00000346080,9606.ENSP00000265100,0.796227,1,7,10,70,225,127
9606.ENSP00000256383,9606.ENSP00000414321,0.075419,1,6,5,30,382,344
9606.ENSP00000328023,9606.ENSP00000339064,0.805108,1,2,13,26,221,372
9606.ENSP00000428581,9606.ENSP00000362208,0.988846,1,7,4,28,16,356
9606.ENSP00000456969,9606.ENSP00000441332,0.943768,1,3,6,18,108,425
9606.ENSP00000311430,9606.ENSP00000471991,0.40674,1,6,9,54,304,197
9606.ENSP00000261015,9606.ENSP00000379731,0.008336,1,4,7,28,454,356
9606.ENSP00000436854,9606.ENSP00000465216,0.021152,1,3,5,15,426,460
9606.ENSP00000345156,9606.ENSP00000386717,0.849678,1,12,8,96,205,42
9606.ENSP00000258383,9606.ENSP00000386752,0.981519,1,6,5,30,47,344
9606.ENSP00000471874,9606.ENSP00000346046,0.378287,1,10,11,110,307,20
9606.ENSP00000460439,9606.ENSP00000396716,0.148714,1,8,9,72,355,103
9606.ENSP00000379731,9606.ENSP00000426282,0.126066,1,7,9,63,366,149
9606.ENSP00000252102,9606.ENSP00000354813,0.985345,1,1,4,4,30,647
9606.ENSP00000341247,9606.ENSP00000396716,0.903381,1,5,9,45,172,241
9606.ENSP00000366249,9606.ENSP00000279259,0.971726,1,10,12,120,67,12
9606.ENSP00000338862,9606.ENSP00000379731,0.005586,1,2,7,14,471,470
9606.ENSP00000375633,9606.ENSP00000449765,0.694907,1,9,11,99,246,33
9606.ENSP00000429892,9606.ENSP00000449765,0.006825,1,5,11,55,465,190
9606.ENSP00000483260,9606.ENSP00000435333,0.92909,1,5,8,40,138,273
9606.ENSP00000290541,9606.ENSP00000366249,0.982752,1,2,10,20,43,414
9606.ENSP00000466388,9606.ENSP00000366249,0.968326,1,3,10,30,71,344
9606.ENSP00000415356,9606.ENSP00000361084,0.977247,1,7,4,28,56,356
9606.ENSP00000177742,9606.ENSP00000386752,0.943984,1,7,5,35,107,323
9606.ENSP00000463885,9606.ENSP00000388690,0.033341,1,9,6,54,413,197
9606.ENSP00000350359,9606.ENSP00000360266,0.919375,1,1,6,6,157,583
9606.ENSP00000433170,9606.ENSP00000362729,0.555691,1,7,8,56,277,169
9606.ENSP00000298049,9606.ENSP00000347969,0.905718,1,3,11,33,169,334
9606.ENSP00000229390,9606.ENSP00000265753,0.857462,1,7,8,56,203,169
9606.ENSP00000258383,9606.ENSP00000230413,0.986914,1,6,7,42,22,258
9606.ENSP00000216225,9606.ENSP00000360117,0.993794,1,2,5,10,1,507
9606.ENSP00000369741,9606.ENSP00000429374,0.808737,1,9,9,81,220,74
9606.ENSP00000357527,9606.ENSP00000478887,0.584399,1,1,3,3,272,697
9606.ENSP00000471874,9606.ENSP00000396716,0.846267,1,10,9,90,206,45
9606.ENSP00000362729,9606.ENSP00000347401,0.713987,1,8,13,104,240,27
9606.ENSP00000459554,9606.ENSP00000339064,0.905619,1,9,13,117,170,14
9606.ENSP00000466634,9606.ENSP00000375635,0.004274,1,3,6,18,512,425
9606.ENSP00000315397,9606.ENSP00000362036,0.983914,1,7,5,35,36,323
9606.ENSP00000480529,9606.ENSP00000226522,0.323774,1,1,2,2,323,748
9606.ENSP00000403730,9606.ENSP00000359424,0.004783,1,3,6,18,480,425
9606.ENSP00000265753,9606.ENSP00000425865,0.030982,1,8,8,64,414,143
9606.ENSP00000230050,9606.ENSP00000274242,0.853859,1,9,5,45,204,241
9606.ENSP00000345156,9606.ENSP00000431220,0.73628,1,12,7,84,239,70
9606.ENSP00000377865,9606.ENSP00000265100,0.888718,1,6,10,60,181,161
9606.ENSP00000259895,9606.ENSP00000340823,0.004173,1,2,4,8,616,548
9606.ENSP00000315397,9606.ENSP00000431220,0.983839,1,7,7,49,37,220
9606.ENSP00000245458,9606.ENSP00000358832,0.950491,1,7,5,35,95,323
9606.ENSP00000426282,9606.ENSP00000396716,0.136862,1,9,9,81,363,74
9606.ENSP00000400467,9606.ENSP00000339064,0.944263,1,9,13,117,106,14
9606.ENSP00000296417,9606.ENSP00000359095,0.92985,1,5,2,10,132,507
9606.ENSP00000401954,9606.ENSP00000366249,0.984206,1,3,10,30,35,344
9606.ENSP00000367042,9606.ENSP00000354813,0.966215,1,3,4,12,74,475
9606.ENSP00000287156,9606.ENSP00000342755,0.076952,1,3,3,9,381,520
9606.ENSP00000260443,9606.ENSP00000426282,0.01486,1,8,9,72,433,103
9606.ENSP00000415356,9606.ENSP00000315017,0.964377,1,7,4,28,77,356
9606.ENSP00000301585,9606.ENSP00000339844,0.910334,1,8,8,64,162,143
9606.ENSP00000347401,9606.ENSP00000279259,0.025775,1,13,12,156,418,1
9606.ENSP00000230050,9606.ENSP00000435333,0.535363,1,9,8,72,281,103
9606.ENSP00000219252,9606.ENSP00000252674,0.004311,1,6,4,24,508,377
9606.ENSP00000408482,9606.ENSP00000376272,0.65266,1,11,3,33,253,334
9606.ENSP00000339064,9606.ENSP00000279259,0.053639,1,13,12,156,392,1
9606.ENSP00000177742,9606.ENSP00000333401,0.985086,1,7,8,56,33,169
9606.ENSP00000466388,9606.ENSP00000361540,0.950358,1,3,6,18,97,425
9606.ENSP00000425865,9606.ENSP00000361206,0.619438,1,8,5,40,261,273
9606.ENSP00000437275,9606.ENSP00000360266,0.037236,1,1,6,6,405,583
9606.ENSP00000482258,9606.ENSP00000366711,0.00421,1,3,3,9,527,520
9606.ENSP00000466388,9606.ENSP00000389730,0.359159,1,3,3,9,312,520
9606.ENSP00000260443,9606.ENSP00000471991,0.056223,1,8,9,72,389,103
9606.ENSP00000229390,9606.ENSP00000316042,0.973217,1,7,3,21,66,404
9606.ENSP00000266735,9606.ENSP00000375635,0.010178,1,11,6,66,447,136
9606.ENSP00000367042,9606.ENSP00000369176,0.03376,1,3,3,9,411,520
9606.ENSP00000274764,9606.ENSP00000385614,0.004384,1,4,6,24,502,377
9606.ENSP00000247843,9606.ENSP00000375639,0.004173,1,3,1,3,616,697
9606.ENSP00000354813,9606.ENSP00000369176,0.023246,1,4,3,12,423,475
9606.ENSP00000450339,9606.ENSP00000339064,0.042865,1,10,13,130,400,7
9606.ENSP00000426282,9606.ENSP00000385958,0.073907,1,9,5,45,383,241
9606.ENSP00000346046,9606.ENSP00000388690,0.125572,1,11,6,66,367,136
9606.ENSP00000460439,9606.ENSP00000408482,0.33937,1,8,11,88,320,59
9606.ENSP00000459554,9606.ENSP00000385217,0.354276,1,9,8,72,314,103
9606.ENSP00000437215,9606.ENSP00000263239,0.005626,1,9,3,27,470,367
9606.ENSP00000216252,9606.ENSP00000471230,0.957578,1,6,4,24,85,377
9606.ENSP00000437062,9606.ENSP00000460439,0.617382,1,7,8,56,262,169
9606.ENSP00000360117,9606.ENSP00000471991,0.986437,1,5,9,45,26,241
9606.ENSP00000339844,9606.ENSP00000362036,0.780374,1,8,5,40,228,273
9606.ENSP00000301585,9606.ENSP00000399076,0.974248,1,8,5,40,64,273
9606.ENSP00000435333,9606.ENSP00000360521,0.06916,1,8,4,32,384,337
9606.ENSP00000388332,9606.ENSP00000346012,0.004563,1,9,9,81,488,74
9606.ENSP00000219252,9606.ENSP00000375635,0.004173,1,6,6,36,616,299
9606.ENSP00000272418,9606.ENSP00000339844,0.269156,1,2,8,16,334,448
9606.ENSP00000382184,9606.ENSP00000429099,0.083889,1,1,1,1,378,818
9606.ENSP00000397653,9606.ENSP00000326762,0.004172,1,4,1,4,684,647
9606.ENSP00000471230,9606.ENSP00000336741,0.955928,1,4,7,28,87,356
9606.ENSP00000368927,9606.ENSP00000471991,0.038705,1,5,9,45,402,241
9606.ENSP00000471874,9606.ENSP00000402423,0.563887,1,10,10,100,275,30
9606.ENSP00000426454,9606.ENSP00000376272,0.006636,1,2,3,6,466,583
9606.ENSP00000265339,9606.ENSP00000320675,0.008284,1,6,4,24,456,377
9606.ENSP00000265100,9606.ENSP00000228140,0.940582,1,10,10,100,117,30
9606.ENSP00000274242,9606.ENSP00000388332,0.231317,1,5,9,45,341,241
9606.ENSP00000367806,9606.ENSP00000431634,0.929131,1,9,4,36,136,299
9606.ENSP00000482258,9606.ENSP00000395872,0.004202,1,3,3,9,531,520
9606.ENSP00000388885,9606.ENSP00000459554,0.776613,1,6,9,54,231,197
9606.ENSP00000347969,9606.ENSP00000400467,0.931157,1,11,9,99,129,33
9606.ENSP00000265339,9606.ENSP00000366249,0.802053,1,6,10,60,224,161
9606.ENSP00000382250,9606.ENSP00000431220,0.92987,1,4,7,28,131,356
9606.ENSP00000265753,9606.ENSP00000433170,0.130516,1,8,7,56,364,169
9606.ENSP00000476107,9606.ENSP00000387160,0.990616,1,1,4,4,9,647
9606.ENSP00000425865,9606.ENSP00000367444,0.006002,1,8,6,48,468,225
9606.ENSP00000483260,9606.ENSP00000279259,0.076984,1,5,12,60,380,161
9606.ENSP00000369666,9606.ENSP00000363878,0.012843,1,2,3,6,440,583
9606.ENSP00000278572,9606.ENSP00000279259,0.59138,1,6,12,72,269,103
9606.ENSP00000367042,9606.ENSP00000354728,0.975453,1,3,1,3,59,697
9606.ENSP00000261900,9606.ENSP00000395872,0.009863,1,2,3,6,450,583
9606.ENSP00000459554,9606.ENSP00000377865,0.951508,1,9,6,54,94,197
9606.ENSP00000408482,9606.ENSP00000472469,0.830113,1,11,9,99,211,33
9606.ENSP00000400508,9606.ENSP00000367432,0.004277,1,3,1,3,511,697
9606.ENSP00000400467,9606.ENSP00000388690,0.180842,1,9,6,54,349,197
9606.ENSP00000452636,9606.ENSP00000471874,0.008168,1,4,10,40,457,273
9606.ENSP00000482258,9606.ENSP00000360266,0.684,1,3,6,18,249,425
9606.ENSP00000402423,9606.ENSP00000339064,0.47666,1,10,13,130,287,7
9606.ENSP00000360709,9606.ENSP00000362659,0.004429,1,2,4,8,496,548
9606.ENSP00000177742,9606.ENSP00000361206,0.984343,1,7,5,35,34,323
9606.ENSP00000388885,9606.ENSP00000230413,0.933926,1,6,7,42,123,258
9606.ENSP00000465216,9606.ENSP00000400591,0.93313,1,5,3,15,125,460
9606.ENSP00000402423,9606.ENSP00000472469,0.276072,1,10,9,90,333,45
9606.ENSP00000437215,9606.ENSP00000339064,0.687564,1,9,13,117,248,14
9606.ENSP00000339064,9606.ENSP00000471185,0.907752,1,13,6,78,166,95
9606.ENSP00000358779,9606.ENSP00000385614,0.004176,1,1,6,6,574,583
9606.ENSP00000346046,9606.ENSP00000449765,0.023496,1,11,11,121,421,10
9606.ENSP00000336868,9606.ENSP00000361540,0.004172,1,2,6,12,684,475
9606.ENSP00000359424,9606.ENSP00000441205,0.004977,1,6,1,6,477,583
9606.ENSP00000432396,9606.ENSP00000306223,0.880724,1,8,5,40,187,273
9606.ENSP00000339844,9606.ENSP00000363999,0.9882,1,8,6,48,18,225
9606.ENSP00000356001,9606.ENSP00000362036,0.958297,1,8,5,40,84,273
9606.ENSP00000362036,9606.ENSP00000376427,0.961259,1,5,8,40,79,273
9606.ENSP00000260443,9606.ENSP00000402423,0.021376,1,8,10,80,425,86
9606.ENSP00000247843,9606.ENSP00000296417,0.014579,1,3,5,15,435,460
9606.ENSP00000346046,9606.ENSP00000345156,0.505116,1,11,12,132,284,5
9606.ENSP00000437215,9606.ENSP00000364320,0.004801,1,9,4,36,479,299
9606.ENSP00000230050,9606.ENSP00000441332,0.803832,1,9,6,54,222,197
9606.ENSP00000452473,9606.ENSP00000347401,0.005091,1,3,13,39,475,294
9606.ENSP00000408482,9606.ENSP00000367444,0.004231,1,11,6,66,518,136
9606.ENSP00000388332,9606.ENSP00000434837,0.755106,1,9,8,72,236,103
9606.ENSP00000216252,9606.ENSP00000432396,0.941747,1,6,8,48,113,225
9606.ENSP00000360521,9606.ENSP00000358832,0.377099,1,4,5,20,308,414
9606.ENSP00000256383,9606.ENSP00000386541,0.160598,1,6,6,36,354,299
9606.ENSP00000361540,9606.ENSP00000414771,0.959203,1,6,2,12,81,475
9606.ENSP00000345156,9606.ENSP00000377865,0.933983,1,12,6,72,122,103
9606.ENSP00000177742,9606.ENSP00000230413,0.97526,1,7,7,49,61,220
9606.ENSP00000452473,9606.ENSP00000315379,0.004207,1,3,8,24,530,377
9606.ENSP00000437062,9606.ENSP00000279259,0.178313,1,7,12,84,350,70
9606.ENSP00000452636,9606.ENSP00000396716,0.004373,1,4,9,36,503,299
9606.ENSP00000264639,9606.ENSP00000349667,0.013112,1,5,2,10,439,507
9606.ENSP00000402423,9606.ENSP00000388690,0.007313,1,10,6,60,463,161
9606.ENSP00000347969,9606.ENSP00000265100,0.923736,1,11,10,110,147,20
9606.ENSP00000223641,9606.ENSP00000346080,0.004209,1,6,7,42,529,258
9606.ENSP00000379731,9606.ENSP00000265100,0.92145,1,7,10,70,153,127
9606.ENSP00000367806,9606.ENSP00000385018,0.932078,1,9,11,99,128,33
9606.ENSP00000345156,9606.ENSP00000347969,0.897741,1,12,11,132,176,5
9606.ENSP00000265245,9606.ENSP00000347969,0.345659,1,2,11,22,318,400
9606.ENSP00000311430,9606.ENSP00000279259,0.019144,1,6,12,72,428,103
9606.ENSP00000245458,9606.ENSP00000379888,0.952551,1,7,9,63,92,149
9606.ENSP00000230413,9606.ENSP00000376427,0.983635,1,7,8,56,39,169
9606.ENSP00000229390,9606.ENSP00000441332,0.975012,1,7,6,42,62,258
9606.ENSP00000471991,9606.ENSP00000431220,0.068153,1,9,7,63,386,149
9606.ENSP00000260443,9606.ENSP00000322419,0.118372,1,8,4,32,370,337
9606.ENSP00000435333,9606.ENSP00000347401,0.834603,1,8,13,104,209,27
9606.ENSP00000301457,9606.ENSP00000355206,0.97755,1,1,3,3,55,697
9606.ENSP00000426282,9606.ENSP00000431800,0.004176,1,9,5,45,574,241
9606.ENSP00000435333,9606.ENSP00000449765,0.448381,1,8,11,88,290,59
9606.ENSP00000471874,9606.ENSP00000354525,0.912001,1,10,4,40,161,273
9606.ENSP00000471230,9606.ENSP00000315379,0.019908,1,4,8,32,427,337
9606.ENSP00000347401,9606.ENSP00000347969,0.713833,1,13,11,143,241,3
9606.ENSP00000264639,9606.ENSP00000408482,0.184987,1,5,11,55,348,190
9606.ENSP00000318195,9606.ENSP00000400591,0.641862,1,1,3,3,257,697
9606.ENSP00000265753,9606.ENSP00000475098,0.435096,1,8,6,48,293,225
9606.ENSP00000315397,9606.ENSP00000473925,0.981292,1,7,10,70,48,127
9606.ENSP00000397653,9606.ENSP00000421938,0.004172,1,4,1,4,684,647
9606.ENSP00000437062,9606.ENSP00000228140,0.894433,1,7,10,70,179,127
9606.ENSP00000338862,9606.ENSP00000236051,0.004178,1,2,2,4,565,647
9606.ENSP00000452473,9606.ENSP00000432396,0.004191,1,3,8,24,538,377
9606.ENSP00000463568,9606.ENSP00000432396,0.812564,1,7,8,56,219,169
9606.ENSP00000463885,9606.ENSP00000339064,0.920058,1,9,13,117,154,14
9606.ENSP00000301585,9606.ENSP00000323065,0.989475,1,8,2,16,11,448
9606.ENSP00000210313,9606.ENSP00000290541,0.004667,1,3,2,6,484,583
9606.ENSP00000463568,9606.ENSP00000332444,0.929849,1,7,3,21,133,404
9606.ENSP00000402423,9606.ENSP00000471991,0.214031,1,10,9,90,342,45
9606.ENSP00000473925,9606.ENSP00000361928,0.974798,1,10,9,90,63,45
9606.ENSP00000380040,9606.ENSP00000279259,0.934308,1,7,12,84,121,70
9606.ENSP00000459554,9606.ENSP00000431800,0.004215,1,9,5,45,524,241
9606.ENSP00000388885,9606.ENSP00000430545,0.935773,1,6,6,36,119,299
9606.ENSP00000263239,9606.ENSP00000347401,0.830537,1,3,13,39,210,294
9606.ENSP00000342889,9606.ENSP00000215587,0.118914,1,3,2,6,369,583
9606.ENSP00000452192,9606.ENSP00000367697,0.004173,1,1,2,2,616,748
9606.ENSP00000375633,9606.ENSP00000388332,0.563127,1,9,9,81,276,74
9606.ENSP00000473925,9606.ENSP00000356001,0.989102,1,10,8,80,13,86
9606.ENSP00000229390,9606.ENSP00000465216,0.881222,1,7,5,35,186,323
9606.ENSP00000380040,9606.ENSP00000484410,0.932596,1,7,5,35,126,323
9606.ENSP00000336741,9606.ENSP00000347401,0.233348,1,7,13,91,339,44
9606.ENSP00000254193,9606.ENSP00000432396,0.036917,1,7,8,56,407,169
9606.ENSP00000375633,9606.ENSP00000385018,0.927419,1,9,11,99,142,33
9606.ENSP00000256383,9606.ENSP00000450339,0.103079,1,6,10,60,372,161
9606.ENSP00000402423,9606.ENSP00000346012,0.011941,1,10,9,90,443,45
9606.ENSP00000386541,9606.ENSP00000429374,0.361146,1,6,9,54,311,197
9606.ENSP00000463885,9606.ENSP00000429374,0.859431,1,9,9,81,200,74
9606.ENSP00000380040,9606.ENSP00000385018,0.870871,1,7,11,77,193,97
9606.ENSP00000248150,9606.ENSP00000388122,0.004185,1,1,1,1,545,818
9606.ENSP00000437062,9606.ENSP00000274242,0.928142,1,7,5,35,141,323
9606.ENSP00000375633,9606.ENSP00000385217,0.857513,1,9,8,72,202,103
9606.ENSP00000415356,9606.ENSP00000333401,0.990888,1,7,8,56,8,169
9606.ENSP00000428581,9606.ENSP00000473925,0.989287,1,7,10,70,12,127
9606.ENSP00000053468,9606.ENSP00000382250,0.883787,1,5,4,20,182,414
9606.ENSP00000399076,9606.ENSP00000323065,0.98194,1,5,2,10,44,507
9606.ENSP00000348216,9606.ENSP00000471991,0.00855,1,2,9,18,453,425
9606.ENSP00000403085,9606.ENSP00000347401,0.712945,1,3,13,39,242,294
9606.ENSP00000258383,9606.ENSP00000357823,0.978764,1,6,6,36,51,299
9606.ENSP00000347969,9606.ENSP00000449765,0.277454,1,11,11,121,332,10
9606.ENSP00000361206,9606.ENSP00000361928,0.985261,1,5,9,45,31,241
9606.ENSP00000367806,9606.ENSP00000261313,0.004439,1,9,3,27,494,367
9606.ENSP00000433170,9606.ENSP00000385958,0.900055,1,7,5,35,174,323
9606.ENSP00000380040,9606.ENSP00000425865,0.644291,1,7,8,56,256,169
9606.ENSP00000456969,9606.ENSP00000436854,0.240149,1,3,3,9,337,520
9606.ENSP00000346012,9606.ENSP00000471185,0.384214,1,9,6,54,306,197
9606.ENSP00000230413,9606.ENSP00000384579,0.894455,1,7,6,42,178,258
9606.ENSP00000396716,9606.ENSP00000472469,0.592109,1,9,9,81,268,74
9606.ENSP00000347401,9606.ENSP00000265100,0.929472,1,13,10,130,135,7
9606.ENSP00000212015,9606.ENSP00000296417,0.859645,1,1,5,5,199,642
9606.ENSP00000347836,9606.ENSP00000366249,0.925973,1,1,10,10,143,507
9606.ENSP00000361076,9606.ENSP00000362729,0.548565,1,6,8,48,279,225
9606.ENSP00000266735,9606.ENSP00000332444,0.983468,1,11,3,33,41,334
9606.ENSP00000375635,9606.ENSP00000475098,0.004619,1,6,6,36,487,299
9606.ENSP00000388332,9606.ENSP00000358832,0.376066,1,9,5,45,309,241
9606.ENSP00000259873,9606.ENSP00000473925,0.99129,1,4,10,40,4,273
9606.ENSP00000219252,9606.ENSP00000402345,0.004655,1,6,3,18,486,425
9606.ENSP00000324124,9606.ENSP00000388877,0.012056,1,2,3,6,441,583
9606.ENSP00000437013,9606.ENSP00000364904,0.667251,1,1,2,2,251,748
9606.ENSP00000385018,9606.ENSP00000418346,0.740389,1,11,8,88,238,59
9606.ENSP00000426282,9606.ENSP00000386541,0.054717,1,9,6,54,391,197
9606.ENSP00000471874,9606.ENSP00000367444,0.008,1,10,6,60,458,161
9606.ENSP00000428962,9606.ENSP00000265339,0.981095,1,1,6,6,49,583
9606.ENSP00000375633,9606.ENSP00000364320,0.023279,1,9,4,36,422,299
9606.ENSP00000223641,9606.ENSP00000296255,0.004184,1,6,2,12,546,475
9606.ENSP00000401954,9606.ENSP00000264639,0.203982,1,3,5,15,344,460
9606.ENSP00000460439,9606.ENSP00000306223,0.95038,1,8,5,40,96,273
9606.ENSP00000245458,9606.ENSP00000449765,0.82166,1,7,11,77,216,97
9606.ENSP00000376761,9606.ENSP00000306033,0.004172,1,2,1,2,684,748
9606.ENSP00000301585,9606.ENSP00000333401,0.989841,1,8,8,64,10,143
9606.ENSP00000301585,9606.ENSP00000369682,0.985831,1,8,7,56,27,169
9606.ENSP00000369741,9606.ENSP00000400467,0.924756,1,9,9,81,146,74
9606.ENSP00000259806,9606.ENSP00000402345,0.004174,1,1,3,3,596,697
9606.ENSP00000274520,9606.ENSP00000376136,0.004172,1,1,2,2,684,748
9606.ENSP00000354961,9606.ENSP00000355046,0.964425,1,4,1,4,76,647
9606.ENSP00000455791,9606.ENSP00000460258,0.004249,1,1,1,1,516,818
9606.ENSP00000210313,9606.ENSP00000401954,0.004258,1,3,3,9,515,520
9606.ENSP00000386752,9606.ENSP00000362208,0.987763,1,5,4,20,19,414
9606.ENSP00000296417,9606.ENSP00000359836,0.004173,1,5,2,10,616,507
9606.ENSP00000369741,9606.ENSP00000431634,0.84526,1,9,4,36,207,299
9606.ENSP00000354201,9606.ENSP00000320675,0.007894,1,2,4,8,459,548
9606.ENSP00000388885,9606.ENSP00000356001,0.91007,1,6,8,48,163,225
9606.ENSP00000315017,9606.ENSP00000376427,0.971524,1,4,8,32,68,337
9606.ENSP00000308275,9606.ENSP00000361928,0.973635,1,4,9,36,65,299
9606.ENSP00000260443,9606.ENSP00000418346,0.011824,1,8,8,64,444,143
9606.ENSP00000460439,9606.ENSP00000364813,0.943172,1,8,4,32,111,337
9606.ENSP00000346080,9606.ENSP00000379888,0.516083,1,7,9,63,283,149
9606.ENSP00000435333,9606.ENSP00000426282,0.335395,1,8,9,72,321,103
9606.ENSP00000278572,9606.ENSP00000418346,0.883364,1,6,8,48,183,225
9606.ENSP00000230050,9606.ENSP00000425865,0.503892,1,9,8,72,285,103
9606.ENSP00000402423,9606.ENSP00000279259,0.004228,1,10,12,120,520,12
9606.ENSP00000408482,9606.ENSP00000429740,0.004729,1,11,1,11,482,503
9606.ENSP00000386717,9606.ENSP00000265100,0.923334,1,8,10,80,149,86
9606.ENSP00000465216,9606.ENSP00000432396,0.777283,1,5,8,40,230,273
9606.ENSP00000385018,9606.ENSP00000386717,0.891263,1,11,8,88,180,59
9606.ENSP00000264639,9606.ENSP00000366249,0.173069,1,5,10,50,352,218
9606.ENSP00000341247,9606.ENSP00000362729,0.281355,1,5,8,40,330,273
9606.ENSP00000346046,9606.ENSP00000265100,0.744588,1,11,10,110,237,20
9606.ENSP00000308275,9606.ENSP00000384579,0.987007,1,4,6,24,21,377
9606.ENSP00000460439,9606.ENSP00000441332,0.953124,1,8,6,48,91,225
9606.ENSP00000425865,9606.ENSP00000449765,0.303949,1,8,11,88,326,59
9606.ENSP00000295797,9606.ENSP00000403730,0.005149,1,1,3,3,474,697
9606.ENSP00000250863,9606.ENSP00000306223,0.423807,1,2,5,10,299,507
9606.ENSP00000278572,9606.ENSP00000388690,0.404118,1,6,6,36,305,299
9606.ENSP00000342755,9606.ENSP00000335027,0.357079,1,3,3,9,313,520
9606.ENSP00000437062,9606.ENSP00000408482,0.906186,1,7,11,77,168,97
9606.ENSP00000483260,9606.ENSP00000388332,0.139267,1,5,9,45,360,241
9606.ENSP00000258383,9606.ENSP00000369682,0.976074,1,6,7,42,58,258
9606.ENSP00000259873,9606.ENSP00000384579,0.985222,1,4,6,24,32,377
9606.ENSP00000475098,9606.ENSP00000478887,0.004173,1,6,3,18,616,425
9606.ENSP00000247003,9606.ENSP00000369741,0.042732,1,1,9,9,401,520
9606.ENSP00000364813,9606.ENSP00000306223,0.863042,1,4,5,20,197,414
9606.ENSP00000473925,9606.ENSP00000369682,0.98839,1,10,7,70,17,127
9606.ENSP00000260443,9606.ENSP00000245458,0.312344,1,8,7,56,325,169
9606.ENSP00000367806,9606.ENSP00000437062,0.919668,1,9,7,63,156,149
9606.ENSP00000431857,9606.ENSP00000408482,0.006224,1,1,11,11,467,503
9606.ENSP00000280326,9606.ENSP00000348784,0.266474,1,4,2,8,335,548
9606.ENSP00000315397,9606.ENSP00000339844,0.956733,1,7,8,56,86,169
9606.ENSP00000367806,9606.ENSP00000362729,0.65303,1,9,8,72,252,103
9606.ENSP00000216252,9606.ENSP00000254193,0.620672,1,6,7,42,260,258
9606.ENSP00000388332,9606.ENSP00000339064,0.048589,1,9,13,117,396,14
9606.ENSP00000399076,9606.ENSP00000315397,0.981895,1,5,7,35,45,323
9606.ENSP00000357823,9606.ENSP00000382250,0.941615,1,6,4,24,115,377
9606.ENSP00000252674,9606.ENSP00000215587,0.063823,1,4,2,8,387,548
9606.ENSP00000339145,9606.ENSP00000345156,0.034371,1,4,12,48,410,225
9606.ENSP00000265753,9606.ENSP00000346046,0.055665,1,8,11,88,390,59
9606.ENSP00000442002,9606.ENSP00000303325,0.757413,1,1,2,2,235,748
9606.ENSP00000385217,9606.ENSP00000429374,0.615836,1,8,9,72,263,103
9606.ENSP00000433170,9606.ENSP00000345156,0.949288,1,7,12,84,100,70
9606.ENSP00000369682,9606.ENSP00000230413,0.990977,1,7,7,49,6,220
9606.ENSP00000315379,9606.ENSP00000316042,0.013706,1,8,3,24,438,377
9606.ENSP00000429892,9606.ENSP00000341247,0.24948,1,5,5,25,336,373
9606.ENSP00000315017,9606.ENSP00000347969,0.097736,1,4,11,44,375,256
9606.ENSP00000396716,9606.ENSP00000431634,0.862816,1,9,4,36,198,299
9606.ENSP00000466634,9606.ENSP00000254193,0.007249,1,3,7,21,464,404
9606.ENSP00000252674,9606.ENSP00000340823,0.014762,1,4,4,16,434,448
9606.ENSP00000361206,9606.ENSP00000384579,0.967483,1,5,6,30,72,344
9606.ENSP00000450339,9606.ENSP00000362729,0.190285,1,10,8,80,345,86
9606.ENSP00000230050,9606.ENSP00000228140,0.586426,1,9,10,90,270,45
9606.ENSP00000354525,9606.ENSP00000471185,0.917157,1,4,6,24,159,377
9606.ENSP00000308275,9606.ENSP00000357823,0.983808,1,4,6,24,38,377
9606.ENSP00000380040,9606.ENSP00000320675,0.011653,1,7,4,28,446,356
9606.ENSP00000433170,9606.ENSP00000450339,0.646105,1,7,10,70,255,127
9606.ENSP00000456969,9606.ENSP00000429892,0.55277,1,3,5,15,278,460
9606.ENSP00000265753,9606.ENSP00000278572,0.414286,1,8,6,48,300,225
9606.ENSP00000384046,9606.ENSP00000414771,0.004481,1,1,2,2,490,748
9606.ENSP00000346012,9606.ENSP00000339064,0.316998,1,9,13,117,324,14
9606.ENSP00000341247,9606.ENSP00000265100,0.958495,1,5,10,50,83,218
9606.ENSP00000266735,9606.ENSP00000463568,0.929092,1,11,7,77,137,97
9606.ENSP00000379888,9606.ENSP00000228140,0.929677,1,9,10,90,134,45
9606.ENSP00000261313,9606.ENSP00000463885,0.00418,1,3,9,27,553,367
9606.ENSP00000342755,9606.ENSP00000348838,0.290361,1,3,1,3,328,697
9606.ENSP00000414321,9606.ENSP00000367444,0.016997,1,5,6,30,431,344
9606.ENSP00000256383,9606.ENSP00000396716,0.037295,1,6,9,54,404,197
9606.ENSP00000437062,9606.ENSP00000322419,0.71155,1,7,4,28,243,356
9606.ENSP00000311430,9606.ENSP00000369741,0.780824,1,6,9,54,227,197
9606.ENSP00000430545,9606.ENSP00000356001,0.934493,1,6,8,48,120,225
9606.ENSP00000265339,9606.ENSP00000361540,0.88256,1,6,6,36,185,299
9606.ENSP00000463568,9606.ENSP00000366607,0.67063,1,7,3,21,250,404
9606.ENSP00000386541,9606.ENSP00000434837,0.136902,1,6,8,48,362,225
9606.ENSP00000274242,9606.ENSP00000425865,0.873535,1,5,8,40,192,273
9606.ENSP00000053468,9606.ENSP00000434837,0.917676,1,5,8,40,158,273
9606.ENSP00000230050,9606.ENSP00000471185,0.409951,1,9,6,54,303,197
9606.ENSP00000346080,9606.ENSP00000245458,0.170467,1,7,7,49,353,220
9606.ENSP00000346080,9606.ENSP00000361076,0.083269,1,7,6,42,379,258
9606.ENSP00000356001,9606.ENSP00000230413,0.961938,1,8,7,56,78,169
9606.ENSP00000266735,9606.ENSP00000336741,0.970284,1,11,7,77,69,97
9606.ENSP00000402423,9606.ENSP00000388332,0.014241,1,10,9,90,436,45
9606.ENSP00000272418,9606.ENSP00000384579,0.93257,1,2,6,12,127,475
9606.ENSP00000249299,9606.ENSP00000432396,0.922104,1,2,8,16,152,448
9606.ENSP00000216252,9606.ENSP00000266735,0.978566,1,6,11,66,52,136
9606.ENSP00000364320,9606.ENSP00000347969,0.021967,1,4,11,44,424,256
9606.ENSP00000385018,9606.ENSP00000434837,0.966135,1,11,8,88,75,59
9606.ENSP00000361540,9606.ENSP00000325970,0.004172,1,6,3,18,684,425
9606.ENSP00000377383,9606.ENSP00000342889,0.2123,1,3,3,9,343,520
9606.ENSP00000315397,9606.ENSP00000361626,0.908813,1,7,3,21,165,404
9606.ENSP00000260443,9606.ENSP00000420345,0.017052,1,8,1,8,430,548
9606.ENSP00000361928,9606.ENSP00000363999,0.979117,1,9,6,54,50,197
9606.ENSP00000396716,9606.ENSP00000386717,0.779541,1,9,8,72,229,103
9606.ENSP00000386717,9606.ENSP00000449765,0.294721,1,8,11,88,327,59
9606.ENSP00000346080,9606.ENSP00000429374,0.137096,1,7,9,63,361,149
9606.ENSP00000232888,9606.ENSP00000369741,0.00448,1,2,9,18,491,425
9606.ENSP00000346046,9606.ENSP00000347401,0.429431,1,11,13,143,295,3
9606.ENSP00000005340,9606.ENSP00000295113,0.004172,1,1,1,1,684,818
9606.ENSP00000265753,9606.ENSP00000279259,0.004175,1,8,12,96,585,42
9606.ENSP00000375633,9606.ENSP00000358832,0.942445,1,9,5,45,112,241
9606.ENSP00000347401,9606.ENSP00000400591,0.943312,1,13,3,39,110,294
9606.ENSP00000380040,9606.ENSP00000386541,0.945497,1,7,6,42,102,258
9606.ENSP00000228140,9606.ENSP00000472469,0.866988,1,10,9,90,195,45
9606.ENSP00000437215,9606.ENSP00000354525,0.904304,1,9,4,36,171,299
9606.ENSP00000441332,9606.ENSP00000463568,0.930842,1,6,7,42,130,258
9606.ENSP00000402345,9606.ENSP00000360266,0.58486,1,3,6,18,271,425
9606.ENSP00000256383,9606.ENSP00000388332,0.028128,1,6,9,54,416,197
9606.ENSP00000261558,9606.ENSP00000347408,0.004172,1,1,2,2,684,748
9606.ENSP00000369741,9606.ENSP00000414321,0.823763,1,9,5,45,215,241
9606.ENSP00000379888,9606.ENSP00000472469,0.914115,1,9,9,81,160,74
9606.ENSP00000229390,9606.ENSP00000471230,0.948624,1,7,4,28,101,356
9606.ENSP00000375633,9606.ENSP00000245458,0.95029,1,9,7,63,98,149
9606.ENSP00000471874,9606.ENSP00000375633,0.925261,1,10,9,90,144,45
9606.ENSP00000346012,9606.ENSP00000450339,0.004867,1,9,10,90,478,45
9606.ENSP00000386752,9606.ENSP00000356001,0.92255,1,5,8,40,151,273
9606.ENSP00000361076,9606.ENSP00000414321,0.703416,1,6,5,30,245,344
9606.ENSP00000385018,9606.ENSP00000431800,0.004175,1,11,5,55,585,190
9606.ENSP00000388126,9606.ENSP00000336741,0.004344,1,4,7,28,505,356
9606.ENSP00000347969,9606.ENSP00000463885,0.897017,1,11,9,99,177,33
9606.ENSP00000428581,9606.ENSP00000361626,0.142486,1,7,3,21,359,404
9606.ENSP00000403085,9606.ENSP00000437189,0.094895,1,3,3,9,376,520
9606.ENSP00000346012,9606.ENSP00000435333,0.535683,1,9,8,72,280,103
9606.ENSP00000361084,9606.ENSP00000431220,0.978089,1,4,7,28,53,356
9606.ENSP00000296417,9606.ENSP00000478887,0.823875,1,5,3,15,214,460
9606.ENSP00000385217,9606.ENSP00000336741,0.048454,1,8,7,56,397,169
9606.ENSP00000223641,9606.ENSP00000471185,0.02441,1,6,6,36,419,299
9606.ENSP00000328023,9606.ENSP00000463885,0.815811,1,2,9,18,218,425
9606.ENSP00000387160,9606.ENSP00000400508,0.009822,1,4,3,12,451,475
9606.ENSP00000484410,9606.ENSP00000360117,0.986489,1,5,5,25,25,373
9606.ENSP00000322419,9606.ENSP00000346012,0.056657,1,4,9,36,388,299
9606.ENSP00000483260,9606.ENSP00000346046,0.58028,1,5,11,55,273,190
9606.ENSP00000421422,9606.ENSP00000408482,0.99308,1,1,11,11,2,503
9606.ENSP00000471874,9606.ENSP00000322419,0.426991,1,10,4,40,297,273
9606.ENSP00000459554,9606.ENSP00000367444,0.018483,1,9,6,54,429,197
9606.ENSP00000425865,9606.ENSP00000472469,0.694222,1,8,9,72,247,103
9606.ENSP00000223641,9606.ENSP00000361076,0.004432,1,6,6,36,495,299
9606.ENSP00000230050,9606.ENSP00000379888,0.640388,1,9,9,81,258,74
9606.ENSP00000261900,9606.ENSP00000377383,0.004179,1,2,3,6,557,583
9606.ENSP00000311430,9606.ENSP00000431634,0.594517,1,6,4,24,266,377
9606.ENSP00000397653,9606.ENSP00000403730,0.004172,1,4,3,12,684,475
9606.ENSP00000466634,9606.ENSP00000366607,0.146538,1,3,3,9,356,520
9606.ENSP00000254193,9606.ENSP00000465216,0.234064,1,7,5,35,338,323
9606.ENSP00000437215,9606.ENSP00000345156,0.762684,1,9,12,108,234,26
9606.ENSP00000385018,9606.ENSP00000379888,0.929024,1,11,9,99,139,33
9606.ENSP00000053468,9606.ENSP00000386541,0.28741,1,5,6,30,329,344
9606.ENSP00000265339,9606.ENSP00000363878,0.943491,1,6,3,18,109,425
9606.ENSP00000362208,9606.ENSP00000376427,0.982799,1,4,8,32,42,337
9606.ENSP00000385217,9606.ENSP00000402423,0.128458,1,8,10,80,365,86
9606.ENSP00000362729,9606.ENSP00000339064,0.367475,1,8,13,104,310,27
9606.ENSP00000385217,9606.ENSP00000463885,0.092687,1,8,9,72,377,103
9606.ENSP00000450339,9606.ENSP00000449765,0.05082,1,10,11,110,394,20
9606.ENSP00000450339,9606.ENSP00000472469,0.426354,1,10,9,90,298,45
9606.ENSP00000367806,9606.ENSP00000379731,0.882994,1,9,7,63,184,149
9606.ENSP00000356794,9606.ENSP00000472469,0.899128,1,2,9,18,175,425
9606.ENSP00000055077,9606.ENSP00000287156,0.004173,1,4,3,12,616,475
9606.ENSP00000437215,9606.ENSP00000471185,0.803538,1,9,6,54,223,197
9606.ENSP00000265339,9606.ENSP00000376808,0.986521,1,6,3,18,24,425
9606.ENSP00000408482,9606.ENSP00000360117,0.990968,1,11,5,55,7,190
9606.ENSP00000477094,9606.ENSP00000362659,0.708828,1,2,4,8,244,548
9606.ENSP00000316042,9606.ENSP00000366607,0.124904,1,3,3,9,368,520
9606.ENSP00000418346,9606.ENSP00000228140,0.414098,1,8,10,80,301,86
9606.ENSP00000385958,9606.ENSP00000418346,0.100724,1,5,8,40,374,273
9606.ENSP00000229471,9606.ENSP00000419782,0.030977,1,1,1,1,415,818
9606.ENSP00000437215,9606.ENSP00000463885,0.879378,1,9,9,81,189,74
9606.ENSP00000379731,9606.ENSP00000471991,0.344644,1,7,9,63,319,149
9606.ENSP00000261313,9606.ENSP00000369682,0.004178,1,3,7,21,565,404
9606.ENSP00000399076,9606.ENSP00000369682,0.975382,1,5,7,35,60,323
9606.ENSP00000428581,9606.ENSP00000333401,0.991068,1,7,8,56,5,169
9606.ENSP00000385018,9606.ENSP00000450339,0.347017,1,11,10,110,316,20
9606.ENSP00000415356,9606.ENSP00000363999,0.992106,1,7,6,42,3,258
9606.ENSP00000366249,9606.ENSP00000376808,0.011703,1,10,3,30,445,344
9606.ENSP00000177742,9606.ENSP00000473925,0.981526,1,7,10,70,46,127
9606.ENSP00000055077,9606.ENSP00000484105,0.460458,1,4,1,4,289,647
9606.ENSP00000484410,9606.ENSP00000387160,0.009898,1,5,4,20,449,414
9606.ENSP00000441332,9606.ENSP00000436854,0.012033,1,6,3,18,442,425
9606.ENSP00000367806,9606.ENSP00000321449,0.10147,1,9,2,18,373,425
9606.ENSP00000333401,9606.ENSP00000473925,0.988945,1,8,10,80,15,86
9606.ENSP00000354201,9606.ENSP00000366249,0.858403,1,2,10,20,201,414
9606.ENSP00000361076,9606.ENSP00000449765,0.175156,1,6,11,66,351,136
9606.ENSP00000386717,9606.ENSP00000471991,0.494036,1,8,9,72,286,103
9606.ENSP00000254193,9606.ENSP00000375635,0.004173,1,7,6,42,616,258
9606.ENSP00000259895,9606.ENSP00000395872,0.004172,1,2,3,6,684,583
9606.ENSP00000300151,9606.ENSP00000430545,0.955856,1,1,6,6,88,583
9606.ENSP00000385018,9606.ENSP00000400467,0.954471,1,11,9,99,89,33
9606.ENSP00000365162,9606.ENSP00000306657,0.004173,0,2,1,2,616,748
9606.ENSP00000374529,9606.ENSP00000258443,0.004172,0,1,1,1,684,818
9606.ENSP00000064571,9606.ENSP00000388126,0.004172,0,2,4,8,684,548
9606.ENSP00000310006,9606.ENSP00000348461,0.004729,0,2,1,2,482,748
9606.ENSP00000310406,9606.ENSP00000452064,0.004172,0,1,1,1,684,818
9606.ENSP00000366359,9606.ENSP00000345900,0.004173,0,1,3,3,616,697
9606.ENSP00000365505,9606.ENSP00000261890,0.004173,0,4,6,24,616,377
9606.ENSP00000294753,9606.ENSP00000337593,0.004172,0,3,1,3,684,697
9606.ENSP00000384747,9606.ENSP00000429677,0.004172,0,3,1,3,684,697
9606.ENSP00000294753,9606.ENSP00000343313,0.004172,0,3,2,6,684,583
9606.ENSP00000209668,9606.ENSP00000364589,0.004173,0,1,1,1,616,818
9606.ENSP00000387219,9606.ENSP00000419163,0.004172,0,1,2,2,684,748
9606.ENSP00000352918,9606.ENSP00000466051,0.004172,0,1,1,1,684,818
9606.ENSP00000266735,9606.ENSP00000379312,0.004172,0,11,2,22,684,400
9606.ENSP00000379556,9606.ENSP00000263464,0.004172,0,2,1,2,684,748
9606.ENSP00000248564,9606.ENSP00000404616,0.004172,0,2,1,2,684,748
9606.ENSP00000358237,9606.ENSP00000361668,0.004173,0,2,2,4,616,647
9606.ENSP00000348784,9606.ENSP00000260950,0.004172,0,2,3,6,684,583
9606.ENSP00000274382,9606.ENSP00000292314,0.004172,0,1,2,2,684,748
9606.ENSP00000341762,9606.ENSP00000375633,0.00421,0,3,9,27,527,367
9606.ENSP00000261793,9606.ENSP00000354649,0.004172,0,3,2,6,684,583
9606.ENSP00000377383,9606.ENSP00000341603,0.004173,0,3,3,9,616,520
9606.ENSP00000299705,9606.ENSP00000484710,0.004172,0,2,1,2,684,748
9606.ENSP00000359665,9606.ENSP00000483356,0.004172,0,2,1,2,684,748
9606.ENSP00000389606,9606.ENSP00000261890,0.004174,0,4,6,24,596,377
9606.ENSP00000291525,9606.ENSP00000385614,0.004173,0,1,6,6,616,583
9606.ENSP00000371291,9606.ENSP00000468128,0.004172,0,2,1,2,684,748
9606.ENSP00000301585,9606.ENSP00000484410,0.004173,0,8,5,40,616,273
9606.ENSP00000362608,9606.ENSP00000361592,0.004172,0,3,1,3,684,697
9606.ENSP00000334115,9606.ENSP00000280326,0.004174,0,1,4,4,596,647
9606.ENSP00000335027,9606.ENSP00000243924,0.004172,0,3,1,3,684,697
9606.ENSP00000366654,9606.ENSP00000388877,0.004174,0,1,3,3,596,697
9606.ENSP00000389730,9606.ENSP00000379556,0.004172,0,3,2,6,684,583
9606.ENSP00000253237,9606.ENSP00000468079,0.004172,0,2,1,2,684,748
9606.ENSP00000292314,9606.ENSP00000346568,0.004172,0,2,3,6,684,583
9606.ENSP00000380750,9606.ENSP00000485450,0.004173,0,3,2,6,616,583
9606.ENSP00000367300,9606.ENSP00000445810,0.004172,0,2,1,2,684,748
9606.ENSP00000359095,9606.ENSP00000454561,0.004172,0,2,3,6,684,583
9606.ENSP00000338166,9606.ENSP00000300303,0.004172,0,2,3,6,684,583
9606.ENSP00000306974,9606.ENSP00000308908,0.004172,0,1,2,2,684,748
9606.ENSP00000369741,9606.ENSP00000316924,0.004176,0,9,1,9,574,520
9606.ENSP00000301904,9606.ENSP00000342889,0.535315,0,1,3,3,282,697
9606.ENSP00000275200,9606.ENSP00000376427,0.004176,0,3,8,24,574,377
9606.ENSP00000385217,9606.ENSP00000394248,0.004172,0,8,1,8,684,548
9606.ENSP00000364602,9606.ENSP00000315397,0.004172,0,1,7,7,684,579
9606.ENSP00000339844,9606.ENSP00000297564,0.004287,0,8,1,8,509,548
9606.ENSP00000375334,9606.ENSP00000407135,0.004172,0,2,2,4,684,647
9606.ENSP00000338166,9606.ENSP00000409687,0.004172,0,2,3,6,684,583
9606.ENSP00000329374,9606.ENSP00000437189,0.004324,0,2,3,6,507,583
9606.ENSP00000250863,9606.ENSP00000328402,0.00422,0,2,1,2,522,748
9606.ENSP00000360266,9606.ENSP00000388885,0.004172,0,6,6,36,684,299
9606.ENSP00000369741,9606.ENSP00000354305,0.004173,0,9,1,9,616,520
9606.ENSP00000315379,9606.ENSP00000369176,0.00424,0,8,3,24,517,377
9606.ENSP00000365316,9606.ENSP00000317992,0.004172,0,2,2,4,684,647
9606.ENSP00000361668,9606.ENSP00000226004,0.004172,0,2,1,2,684,748
9606.ENSP00000225567,9606.ENSP00000360252,0.004173,0,2,2,4,616,647
9606.ENSP00000254166,9606.ENSP00000254193,0.004172,0,1,7,7,684,579
9606.ENSP00000226522,9606.ENSP00000417972,0.004172,0,2,1,2,684,748
9606.ENSP00000210313,9606.ENSP00000434568,0.004172,0,3,1,3,684,697
9606.ENSP00000381067,9606.ENSP00000366249,0.004172,0,2,10,20,684,414
9606.ENSP00000364110,9606.ENSP00000418287,0.004173,0,2,1,2,616,748
9606.ENSP00000356382,9606.ENSP00000314163,0.004172,0,2,1,2,684,748
9606.ENSP00000380750,9606.ENSP00000438801,0.004172,0,3,2,6,684,583
9606.ENSP00000260950,9606.ENSP00000334547,0.573218,0,3,1,3,274,697
9606.ENSP00000293636,9606.ENSP00000430102,0.004172,0,2,1,2,684,748
9606.ENSP00000346509,9606.ENSP00000380023,0.004269,0,1,1,1,513,818
9606.ENSP00000216252,9606.ENSP00000346080,0.004174,0,6,7,42,596,258
9606.ENSP00000370215,9606.ENSP00000448585,0.004172,0,3,2,6,684,583
9606.ENSP00000331944,9606.ENSP00000377475,0.004199,0,2,1,2,533,748
9606.ENSP00000389730,9606.ENSP00000418065,0.004173,0,3,1,3,616,697
9606.ENSP00000359424,9606.ENSP00000295683,0.004172,0,6,2,12,684,475
9606.ENSP00000360173,9606.ENSP00000381072,0.004173,0,2,1,2,616,748
9606.ENSP00000364110,9606.ENSP00000261890,0.004173,0,2,6,12,616,475
9606.ENSP00000385614,9606.ENSP00000370029,0.004172,0,6,1,6,684,583
9606.ENSP00000376808,9606.ENSP00000473493,0.004172,0,3,1,3,684,697
9606.ENSP00000386717,9606.ENSP00000357008,0.0042,0,8,2,16,532,448
9606.ENSP00000346046,9606.ENSP00000472620,0.004182,0,11,1,11,547,503
9606.ENSP00000359022,9606.ENSP00000430157,0.004172,0,1,2,2,684,748
9606.ENSP00000377778,9606.ENSP00000483965,0.004172,0,1,1,1,684,818
9606.ENSP00000352299,9606.ENSP00000329926,0.004172,0,3,1,3,684,697
9606.ENSP00000303862,9606.ENSP00000428581,0.004229,0,1,7,7,519,579
9606.ENSP00000346568,9606.ENSP00000223114,0.004172,0,3,3,9,684,520
9606.ENSP00000358136,9606.ENSP00000398321,0.004172,0,1,1,1,684,818
9606.ENSP00000386435,9606.ENSP00000345768,0.004172,0,1,1,1,684,818
9606.ENSP00000368808,9606.ENSP00000329374,0.004179,0,3,2,6,557,583
9606.ENSP00000364904,9606.ENSP00000352782,0.004172,0,2,2,4,684,647
9606.ENSP00000345156,9606.ENSP00000354876,0.026326,0,12,1,12,417,475
9606.ENSP00000280326,9606.ENSP00000324633,0.004763,0,4,3,12,481,475
9606.ENSP00000324633,9606.ENSP00000309812,0.004172,0,3,1,3,684,697
9606.ENSP00000366711,9606.ENSP00000293695,0.004172,0,3,1,3,684,697
9606.ENSP00000323595,9606.ENSP00000357535,0.004194,0,1,1,1,535,818
9606.ENSP00000253237,9606.ENSP00000345156,0.00764,0,2,12,24,460,377
9606.ENSP00000382086,9606.ENSP00000354961,0.004172,0,1,4,4,684,647
9606.ENSP00000360876,9606.ENSP00000315070,0.004172,0,1,2,2,684,748
9606.ENSP00000361928,9606.ENSP00000476267,0.004173,0,9,1,9,616,520
9606.ENSP00000275200,9606.ENSP00000354590,0.004172,0,3,1,3,684,697
9606.ENSP00000274341,9606.ENSP00000369415,0.004173,0,2,2,4,616,647
9606.ENSP00000384238,9606.ENSP00000369048,0.004173,0,2,5,10,616,507
9606.ENSP00000324304,9606.ENSP00000321116,0.024053,0,2,1,2,420,748
9606.ENSP00000357823,9606.ENSP00000484410,0.004173,0,6,5,30,616,344
9606.ENSP00000367697,9606.ENSP00000225567,0.004174,0,2,2,4,596,647
9606.ENSP00000343619,9606.ENSP00000449388,0.004172,0,2,1,2,684,748
9606.ENSP00000294507,9606.ENSP00000325970,0.004173,0,3,3,9,616,520
9606.ENSP00000357153,9606.ENSP00000303992,0.004175,0,3,1,3,585,697
9606.ENSP00000341603,9606.ENSP00000336866,0.004172,0,3,1,3,684,697
9606.ENSP00000365505,9606.ENSP00000330391,0.004172,0,4,1,4,684,647
9606.ENSP00000307879,9606.ENSP00000384974,0.004172,0,2,2,4,684,647
9606.ENSP00000287773,9606.ENSP00000428875,0.004173,0,2,1,2,616,748
9606.ENSP00000371580,9606.ENSP00000421922,0.004172,0,1,1,1,684,818
9606.ENSP00000361095,9606.ENSP00000418208,0.004176,0,2,1,2,574,748
9606.ENSP00000332073,9606.ENSP00000305595,0.033508,0,4,1,4,412,647
9606.ENSP00000357998,9606.ENSP00000339145,0.004176,0,2,4,8,574,548
9606.ENSP00000369048,9606.ENSP00000376272,0.004385,0,5,3,15,501,460
9606.ENSP00000365807,9606.ENSP00000354813,0.014063,0,2,4,8,437,548
9606.ENSP00000381970,9606.ENSP00000475098,0.004172,0,1,6,6,684,583
9606.ENSP00000299166,9606.ENSP00000366488,0.004181,0,3,1,3,550,697
9606.ENSP00000356849,9606.ENSP00000258383,0.004176,0,3,6,18,574,425
9606.ENSP00000264639,9606.ENSP00000467958,0.004172,0,5,4,20,684,414
9606.ENSP00000370215,9606.ENSP00000419163,0.004172,0,3,2,6,684,583
9606.ENSP00000367806,9606.ENSP00000401448,0.004662,0,9,2,18,485,425
9606.ENSP00000350102,9606.ENSP00000425089,0.004172,0,2,1,2,684,748
9606.ENSP00000273156,9606.ENSP00000452890,0.004172,0,2,1,2,684,748
9606.ENSP00000360382,9606.ENSP00000401448,0.004179,0,2,2,4,557,647
9606.ENSP00000308908,9606.ENSP00000260950,0.004174,0,2,3,6,596,583
9606.ENSP00000358548,9606.ENSP00000437189,0.279178,0,1,3,3,331,697
9606.ENSP00000360382,9606.ENSP00000364411,0.004173,0,2,1,2,616,748
9606.ENSP00000362208,9606.ENSP00000423916,0.004193,0,4,2,8,537,548
9606.ENSP00000368808,9606.ENSP00000378361,0.004196,0,3,3,9,534,520
9606.ENSP00000294507,9606.ENSP00000286574,0.004172,0,3,1,3,684,697
9606.ENSP00000356906,9606.ENSP00000388394,0.004173,0,1,1,1,616,818
9606.ENSP00000378039,9606.ENSP00000358551,0.004172,0,1,1,1,684,818
9606.ENSP00000383846,9606.ENSP00000360218,0.004172,0,1,2,2,684,748
9606.ENSP00000341762,9606.ENSP00000367629,0.004175,0,3,1,3,585,697
9606.ENSP00000368927,9606.ENSP00000387131,0.004173,0,5,3,15,616,460
9606.ENSP00000382823,9606.ENSP00000261793,0.004172,0,2,3,6,684,583
9606.ENSP00000341762,9606.ENSP00000402927,0.004174,0,3,1,3,596,697
9606.ENSP00000266991,9606.ENSP00000357674,0.004173,0,1,1,1,616,818
9606.ENSP00000348799,9606.ENSP00000324633,0.004172,0,2,3,6,684,583
9606.ENSP00000384747,9606.ENSP00000371291,0.004172,0,3,2,6,684,583
9606.ENSP00000388350,9606.ENSP00000384747,0.004172,0,1,3,3,684,697
9606.ENSP00000347408,9606.ENSP00000355206,0.004172,0,2,3,6,684,583
9606.ENSP00000369048,9606.ENSP00000357748,0.004187,0,5,2,10,543,507
9606.ENSP00000364087,9606.ENSP00000331748,0.004175,0,2,2,4,585,647
9606.ENSP00000347401,9606.ENSP00000358447,0.004173,0,13,3,39,616,294
9606.ENSP00000385099,9606.ENSP00000303315,0.004172,0,1,2,2,684,748
9606.ENSP00000328069,9606.ENSP00000274764,0.004173,0,2,4,8,616,548
9606.ENSP00000361084,9606.ENSP00000332073,0.004173,0,4,4,16,616,448
9606.ENSP00000261015,9606.ENSP00000386347,0.004172,0,4,1,4,684,647
9606.ENSP00000273156,9606.ENSP00000331012,0.004172,0,2,1,2,684,748
9606.ENSP00000341603,9606.ENSP00000447447,0.004176,0,3,1,3,574,697
9606.ENSP00000360218,9606.ENSP00000361928,0.005038,0,2,9,18,476,425
9606.ENSP00000369279,9606.ENSP00000452636,0.004194,0,1,4,4,535,647
9606.ENSP00000355206,9606.ENSP00000431800,0.004172,0,3,5,15,684,460
9606.ENSP00000324124,9606.ENSP00000266735,0.772385,0,2,11,22,233,400
9606.ENSP00000367300,9606.ENSP00000382250,0.004172,0,2,4,8,684,548
9606.ENSP00000299191,9606.ENSP00000369048,0.004429,0,2,5,10,496,507
9606.ENSP00000249299,9606.ENSP00000303325,0.004214,0,2,2,4,525,647
9606.ENSP00000298049,9606.ENSP00000479438,0.004175,0,3,1,3,585,697
9606.ENSP00000236192,9606.ENSP00000465095,0.004173,0,1,1,1,616,818
9606.ENSP00000369415,9606.ENSP00000336741,0.004173,0,2,7,14,616,470
9606.ENSP00000356794,9606.ENSP00000407135,0.004172,0,2,2,4,684,647
9606.ENSP00000361095,9606.ENSP00000384123,0.00418,0,2,1,2,553,748
9606.ENSP00000378933,9606.ENSP00000478679,0.004172,0,2,2,4,684,647
9606.ENSP00000369318,9606.ENSP00000387198,0.004173,0,1,2,2,616,748
9606.ENSP00000242994,9606.ENSP00000348216,0.004172,0,1,2,2,684,748
9606.ENSP00000361206,9606.ENSP00000294753,0.004172,0,5,3,15,684,460
9606.ENSP00000369411,9606.ENSP00000356001,0.004172,0,2,8,16,684,448
9606.ENSP00000362608,9606.ENSP00000399614,0.004172,0,3,2,6,684,583
9606.ENSP00000259873,9606.ENSP00000454561,0.004172,0,4,3,12,684,475
9606.ENSP00000359392,9606.ENSP00000341242,0.004172,0,1,2,2,684,748
9606.ENSP00000229390,9606.ENSP00000357748,0.004211,0,7,2,14,526,470
9606.ENSP00000258733,9606.ENSP00000485450,0.004173,0,2,2,4,616,647
9606.ENSP00000388877,9606.ENSP00000415356,0.004173,0,3,7,21,616,404
9606.ENSP00000360266,9606.ENSP00000331397,0.004172,0,6,2,12,684,475
9606.ENSP00000376427,9606.ENSP00000357695,0.004174,0,8,2,16,596,448
9606.ENSP00000371783,9606.ENSP00000422492,0.004172,0,2,1,2,684,748
9606.ENSP00000341030,9606.ENSP00000259030,0.004172,0,1,1,1,684,818
9606.ENSP00000361084,9606.ENSP00000334044,0.868494,0,4,1,4,194,647
9606.ENSP00000359424,9606.ENSP00000371362,0.004172,0,6,1,6,684,583
9606.ENSP00000265100,9606.ENSP00000338030,0.976466,0,10,1,10,57,507
9606.ENSP00000378361,9606.ENSP00000293636,0.004172,0,3,2,6,684,583
9606.ENSP00000308275,9606.ENSP00000365316,0.004173,0,4,2,8,616,548
9606.ENSP00000225371,9606.ENSP00000315070,0.004172,0,2,2,4,684,647
9606.ENSP00000365505,9606.ENSP00000459554,0.004177,0,4,9,36,570,299
9606.ENSP00000252674,9606.ENSP00000367714,0.004172,0,4,1,4,684,647
9606.ENSP00000379312,9606.ENSP00000345156,0.004172,0,2,12,24,684,377
9606.ENSP00000354961,9606.ENSP00000430157,0.004173,0,4,2,8,616,548
9606.ENSP00000380750,9606.ENSP00000360521,0.004173,0,3,4,12,616,475
9606.ENSP00000293922,9606.ENSP00000365807,0.004172,0,1,2,2,684,748
9606.ENSP00000384579,9606.ENSP00000308548,0.004175,0,6,2,12,585,475
9606.ENSP00000339844,9606.ENSP00000266735,0.004175,0,8,11,88,585,59
9606.ENSP00000219252,9606.ENSP00000361928,0.004174,0,6,9,54,596,197
9606.ENSP00000256958,9606.ENSP00000356849,0.00418,0,1,3,3,553,697
9606.ENSP00000333401,9606.ENSP00000352299,0.004173,0,8,3,24,616,377
9606.ENSP00000360117,9606.ENSP00000335017,0.004172,0,5,1,5,684,642
9606.ENSP00000368320,9606.ENSP00000158166,0.004172,0,2,1,2,684,748
9606.ENSP00000299705,9606.ENSP00000472469,0.004173,0,2,9,18,616,425
9606.ENSP00000234392,9606.ENSP00000423916,0.004172,0,1,2,2,684,748
9606.ENSP00000350100,9606.ENSP00000335027,0.004179,0,1,3,3,557,697
9606.ENSP00000336868,9606.ENSP00000453665,0.004172,0,2,1,2,684,748
9606.ENSP00000389791,9606.ENSP00000476211,0.004172,0,1,1,1,684,818
9606.ENSP00000373575,9606.ENSP00000444332,0.004172,0,1,1,1,684,818
9606.ENSP00000361547,9606.ENSP00000340823,0.004172,0,1,4,4,684,647
9606.ENSP00000279259,9606.ENSP00000388885,0.036187,0,12,6,72,409,103
9606.ENSP00000325970,9606.ENSP00000343313,0.004172,0,3,2,6,684,583
9606.ENSP00000387198,9606.ENSP00000438801,0.004173,0,2,2,4,616,647
9606.ENSP00000365687,9606.ENSP00000336741,0.004172,0,2,7,14,684,470
9606.ENSP00000368927,9606.ENSP00000257901,0.004188,0,5,1,5,541,642
9606.ENSP00000368927,9606.ENSP00000380495,0.048599,0,5,2,10,395,507
9606.ENSP00000324534,9606.ENSP00000356382,0.004172,0,2,2,4,684,647
9606.ENSP00000331397,9606.ENSP00000315379,0.004172,0,2,8,16,684,448
9606.ENSP00000384238,9606.ENSP00000394099,0.004173,0,2,1,2,616,748
9606.ENSP00000294794,9606.ENSP00000387131,0.004172,0,3,3,9,684,520
9606.ENSP00000362659,9606.ENSP00000416109,0.004172,0,4,1,4,684,647
9606.ENSP00000332198,9606.ENSP00000406140,0.004405,0,1,1,1,499,818
9606.ENSP00000368082,9606.ENSP00000225371,0.004172,0,2,2,4,684,647
9606.ENSP00000358832,9606.ENSP00000040663,0.004341,0,5,1,5,506,642
9606.ENSP00000333401,9606.ENSP00000380495,0.00757,0,8,2,16,461,448
9606.ENSP00000379491,9606.ENSP00000425363,0.81982,0,2,1,2,217,748
9606.ENSP00000362659,9606.ENSP00000471056,0.004173,0,4,1,4,616,647
9606.ENSP00000247843,9606.ENSP00000457427,0.004172,0,3,1,3,684,697
9606.ENSP00000379159,9606.ENSP00000363071,0.00418,0,3,1,3,553,697
9606.ENSP00000219596,9606.ENSP00000339844,0.004172,0,1,8,8,684,548
9606.ENSP00000232424,9606.ENSP00000307879,0.004172,0,3,2,6,684,583
9606.ENSP00000381067,9606.ENSP00000261890,0.004179,0,2,6,12,557,475
9606.ENSP00000266594,9606.ENSP00000475098,0.004172,0,1,6,6,684,583
9606.ENSP00000299166,9606.ENSP00000432396,0.007323,0,3,8,24,462,377
9606.ENSP00000064571,9606.ENSP00000426107,0.004172,0,2,1,2,684,748
9606.ENSP00000360252,9606.ENSP00000477094,0.004174,0,2,2,4,596,647
9606.ENSP00000265827,9606.ENSP00000467314,0.004172,0,1,1,1,684,818
9606.ENSP00000275200,9606.ENSP00000324304,0.004172,0,3,2,6,684,583
9606.ENSP00000320675,9606.ENSP00000308548,0.004172,0,4,2,8,684,548
9606.ENSP00000377865,9606.ENSP00000455577,0.004178,0,6,1,6,565,583
9606.ENSP00000352299,9606.ENSP00000467561,0.004172,0,3,1,3,684,697
9606.ENSP00000248564,9606.ENSP00000370898,0.015668,0,2,1,2,432,748
9606.ENSP00000308921,9606.ENSP00000216225,0.037013,0,1,2,2,406,748
9606.ENSP00000290075,9606.ENSP00000331748,0.004179,0,1,2,2,557,748
9606.ENSP00000262494,9606.ENSP00000399195,0.06877,0,1,1,1,385,818
9606.ENSP00000363878,9606.ENSP00000359665,0.004172,0,3,2,6,684,583
9606.ENSP00000375151,9606.ENSP00000370215,0.004176,0,3,3,9,574,520
9606.ENSP00000389606,9606.ENSP00000240101,0.004172,0,4,1,4,684,647
9606.ENSP00000315379,9606.ENSP00000428581,0.004455,0,8,7,56,493,169
9606.ENSP00000261890,9606.ENSP00000303315,0.004172,0,6,2,12,684,475
9606.ENSP00000365401,9606.ENSP00000386361,0.004172,0,2,2,4,684,647
9606.ENSP00000379888,9606.ENSP00000467958,0.004189,0,9,4,36,539,299
9606.ENSP00000357714,9606.ENSP00000280326,0.428441,0,1,4,4,296,647
9606.ENSP00000386870,9606.ENSP00000301920,0.004172,0,2,1,2,684,748
9606.ENSP00000354525,9606.ENSP00000229328,0.004173,0,4,1,4,616,647
9606.ENSP00000357695,9606.ENSP00000454561,0.004173,0,2,3,6,616,583
9606.ENSP00000357153,9606.ENSP00000223114,0.004173,0,3,3,9,616,520
9606.ENSP00000375151,9606.ENSP00000177742,0.004177,0,3,7,21,570,404
9606.ENSP00000261015,9606.ENSP00000220751,0.004172,0,4,1,4,684,647
9606.ENSP00000378361,9606.ENSP00000274764,0.004535,0,3,4,12,489,475
9606.ENSP00000384726,9606.ENSP00000453026,0.004172,0,1,1,1,684,818
9606.ENSP00000294117,9606.ENSP00000439584,0.004172,0,1,1,1,684,818
9606.ENSP00000332073,9606.ENSP00000393487,0.004172,0,4,2,8,684,548
9606.ENSP00000359424,9606.ENSP00000302770,0.004172,0,6,1,6,684,583
9606.ENSP00000369411,9606.ENSP00000363999,0.004179,0,2,6,12,557,475
9606.ENSP00000321449,9606.ENSP00000387131,0.004172,0,2,3,6,684,583
9606.ENSP00000284142,9606.ENSP00000462702,0.004172,0,1,1,1,684,818
9606.ENSP00000362608,9606.ENSP00000467385,0.004173,0,3,1,3,616,697
9606.ENSP00000228140,9606.ENSP00000369682,0.004178,0,10,7,70,565,127
9606.ENSP00000326240,9606.ENSP00000428581,0.004173,0,1,7,7,616,579
9606.ENSP00000380040,9606.ENSP00000294794,0.004172,0,7,3,21,684,404
9606.ENSP00000385614,9606.ENSP00000350102,0.004173,0,6,2,12,616,475
9606.ENSP00000357998,9606.ENSP00000389606,0.004175,0,2,4,8,585,548
9606.ENSP00000317992,9606.ENSP00000310006,0.004173,0,2,2,4,616,647
9606.ENSP00000295683,9606.ENSP00000343619,0.004181,0,2,2,4,550,647
9606.ENSP00000355632,9606.ENSP00000438665,0.004174,0,1,1,1,596,818
9606.ENSP00000364087,9606.ENSP00000332073,0.004182,0,2,4,8,547,548
9606.ENSP00000258214,9606.ENSP00000230050,0.004174,0,1,9,9,596,520
9606.ENSP00000360846,9606.ENSP00000375635,0.004173,0,1,6,6,616,583
9606.ENSP00000316598,9606.ENSP00000232125,0.924931,0,1,1,1,145,818
9606.ENSP00000361540,9606.ENSP00000357633,0.004174,0,6,1,6,596,583
9606.ENSP00000332444,9606.ENSP00000406553,0.004173,0,3,1,3,616,697
9606.ENSP00000261793,9606.ENSP00000403085,0.008311,0,3,3,9,455,520
9606.ENSP00000340691,9606.ENSP00000432043,0.004227,0,1,1,1,521,818
9606.ENSP00000369048,9606.ENSP00000341242,0.004177,0,5,2,10,570,507
9606.ENSP00000339145,9606.ENSP00000278409,0.004216,0,4,2,8,523,548
9606.ENSP00000300303,9606.ENSP00000447513,0.004172,0,3,1,3,684,697
9606.ENSP00000368808,9606.ENSP00000393487,0.004362,0,3,2,6,504,583
9606.ENSP00000237275,9606.ENSP00000375334,0.004429,0,1,2,2,496,748
9606.ENSP00000378933,9606.ENSP00000256458,0.004172,0,2,1,2,684,748
9606.ENSP00000232424,9606.ENSP00000478679,0.004172,0,3,2,6,684,583
9606.ENSP00000379491,9606.ENSP00000389606,0.004172,0,2,4,8,684,548
9606.ENSP00000325564,9606.ENSP00000361626,0.004175,0,1,3,3,585,697
9606.ENSP00000364320,9606.ENSP00000474135,0.004286,0,4,1,4,510,647
9606.ENSP00000328069,9606.ENSP00000367794,0.004172,0,2,1,2,684,748
9606.ENSP00000376948,9606.ENSP00000461466,0.004172,0,1,1,1,684,818
9606.ENSP00000357894,9606.ENSP00000359802,0.004172,0,1,1,1,684,818
9606.ENSP00000375268,9606.ENSP00000467958,0.004173,0,1,4,4,616,647
9606.ENSP00000365505,9606.ENSP00000360173,0.004173,0,4,2,8,616,548
9606.ENSP00000356849,9606.ENSP00000386361,0.004172,0,3,2,6,684,583
9606.ENSP00000366711,9606.ENSP00000467958,0.004172,0,3,4,12,684,475
9606.ENSP00000371783,9606.ENSP00000387160,0.004174,0,2,4,8,596,548
9606.ENSP00000263239,9606.ENSP00000333310,0.004174,0,3,1,3,596,697
9606.ENSP00000358237,9606.ENSP00000439445,0.004186,0,2,1,2,544,748
9606.ENSP00000375151,9606.ENSP00000432631,0.004189,0,3,1,3,539,697
9606.ENSP00000385217,9606.ENSP00000254193,0.188181,0,8,7,56,346,169
9606.ENSP00000345900,9606.ENSP00000314837,0.004172,0,3,1,3,684,697
9606.ENSP00000248975,9606.ENSP00000465997,0.004173,0,1,1,1,616,818
9606.ENSP00000323811,9606.ENSP00000354649,0.004172,0,1,2,2,684,748
9606.ENSP00000258733,9606.ENSP00000386870,0.004172,0,2,2,4,684,647
9606.ENSP00000343617,9606.ENSP00000262375,0.004172,0,1,1,1,684,818
9606.ENSP00000299191,9606.ENSP00000223114,0.004174,0,2,3,6,596,583
9606.ENSP00000370293,9606.ENSP00000352782,0.004172,0,1,2,2,684,748
9606.ENSP00000274764,9606.ENSP00000371117,0.004176,0,4,1,4,574,647
9606.ENSP00000331944,9606.ENSP00000055077,0.036553,0,2,4,8,408,548
9606.ENSP00000368082,9606.ENSP00000376136,0.004172,0,2,2,4,684,647
9606.ENSP00000219252,9606.ENSP00000434750,0.004172,0,6,1,6,684,583
9606.ENSP00000365401,9606.ENSP00000287156,0.004173,0,2,3,6,616,583
9606.ENSP00000346568,9606.ENSP00000358447,0.004172,0,3,3,9,684,520
9606.ENSP00000358447,9606.ENSP00000294507,0.004172,0,3,3,9,684,520
9606.ENSP00000324534,9606.ENSP00000365687,0.004174,0,2,2,4,596,647
9606.ENSP00000303709,9606.ENSP00000287773,0.004173,0,1,2,2,616,748
9606.ENSP00000263126,9606.ENSP00000341342,0.005281,0,1,1,1,472,818
9606.ENSP00000349667,9606.ENSP00000357823,0.004176,0,2,6,12,574,475
9606.ENSP00000386358,9606.ENSP00000409687,0.004172,0,1,3,3,684,697
9606.ENSP00000382823,9606.ENSP00000397182,0.004173,0,2,1,2,616,748
9606.ENSP00000369573,9606.ENSP00000429892,0.004174,0,1,5,5,596,642
9606.ENSP00000360366,9606.ENSP00000223095,0.004174,0,1,1,1,596,818
9606.ENSP00000247470,9606.ENSP00000348799,0.005701,0,1,2,2,469,748
9606.ENSP00000379159,9606.ENSP00000264703,0.004172,0,3,1,3,684,697
9606.ENSP00000357153,9606.ENSP00000409687,0.004172,0,3,3,9,684,520
9606.ENSP00000294794,9606.ENSP00000448585,0.004172,0,3,2,6,684,583
9606.ENSP00000367227,9606.ENSP00000475370,0.004172,0,1,1,1,684,818
9606.ENSP00000300303,9606.ENSP00000230732,0.004172,0,3,1,3,684,697
9606.ENSP00000357008,9606.ENSP00000317333,0.004177,0,2,1,2,570,748
9606.ENSP00000278409,9606.ENSP00000463568,0.004265,0,2,7,14,514,470
9606.ENSP00000274341,9606.ENSP00000206451,0.004173,0,2,1,2,616,748
9606.ENSP00000379159,9606.ENSP00000369666,0.004172,0,3,2,6,684,583
9606.ENSP00000235933,9606.ENSP00000401600,0.004172,0,1,1,1,684,818
9606.ENSP00000300688,9606.ENSP00000165524,0.004172,0,1,1,1,684,818
9606.ENSP00000345900,9606.ENSP00000360492,0.004179,0,3,1,3,557,697
9606.ENSP00000230085,9606.ENSP00000365162,0.004173,0,1,2,2,616,748
9606.ENSP00000055077,9606.ENSP00000359836,0.004172,0,4,2,8,684,548
9606.ENSP00000384974,9606.ENSP00000464522,0.004173,0,2,1,2,616,748
9606.ENSP00000290122,9606.ENSP00000279259,0.004172,0,1,12,12,684,475
9606.ENSP00000368320,9606.ENSP00000309052,0.004172,0,2,1,2,684,748
